{
    "points1": [
        [
            143.3071746826172,
            91.75433349609375
        ],
        [
            343.062744140625,
            378.2293701171875
        ],
        [
            559.9282836914062,
            20.383838653564453
        ],
        [
            559.9282836914062,
            20.383838653564453
        ],
        [
            616.4864501953125,
            395.6642150878906
        ],
        [
            635.7172241210938,
            394.03448486328125
        ],
        [
            646.735595703125,
            488.0957946777344
        ],
        [
            784.7219848632812,
            235.8944854736328
        ],
        [
            989.778564453125,
            35.02714920043945
        ],
        [
            991.3809204101562,
            28.725374221801758
        ],
        [
            997.9586791992188,
            27.008440017700195
        ],
        [
            1135.968017578125,
            400.45465087890625
        ],
        [
            1232.7532958984375,
            389.0609130859375
        ]
    ],
    "points2": [
        [
            483.5013427734375,
            336.4556579589844
        ],
        [
            1251.8719482421875,
            682.2738037109375
        ],
        [
            513.076171875,
            15.911380767822266
        ],
        [
            513.076171875,
            15.911380767822266
        ],
        [
            498.1842346191406,
            317.19378662109375
        ],
        [
            669.7799072265625,
            262.38946533203125
        ],
        [
            716.59716796875,
            503.9784240722656
        ],
        [
            643.606689453125,
            192.03184509277344
        ],
        [
            750.054931640625,
            73.26168823242188
        ],
        [
            743.54541015625,
            76.70875549316406
        ],
        [
            750.054931640625,
            73.26168823242188
        ],
        [
            23.563589096069336,
            311.5422668457031
        ],
        [
            165.71958923339844,
            318.1243591308594
        ]
    ],
    "inliers": [
        false,
        false,
        false,
        false,
        false,
        true,
        false,
        false,
        false,
        false,
        false,
        false,
        false,
        false,
        false,
        true,
        false,
        false,
        false,
        false,
        true,
        true,
        false,
        false,
        true,
        false,
        true,
        false,
        false,
        true,
        false,
        false,
        false,
        false,
        false,
        true,
        false,
        false,
        false,
        false,
        false,
        false,
        false,
        false,
        true,
        true,
        true,
        false,
        false,
        false,
        false,
        false,
        false,
        false,
        true,
        false,
        false,
        false,
        false,
        false,
        true,
        false,
        false,
        false
    ]
}