{
    "points1": [
        [
            215.52813720703125,
            595.1829833984375
        ],
        [
            249.1295928955078,
            530.5126342773438
        ],
        [
            249.7326202392578,
            530.9129028320312
        ],
        [
            343.4984436035156,
            349.0606689453125
        ],
        [
            518.7969970703125,
            756.6273803710938
        ],
        [
            540.0504760742188,
            529.3958740234375
        ],
        [
            540.0504760742188,
            529.3958740234375
        ],
        [
            632.058837890625,
            560.7559204101562
        ],
        [
            893.2159423828125,
            435.8121032714844
        ],
        [
            1076.4598388671875,
            282.7907409667969
        ],
        [
            1573.4390869140625,
            627.14306640625
        ]
    ],
    "points2": [
        [
            1438.5457763671875,
            378.9154357910156
        ],
        [
            1228.75390625,
            775.5111083984375
        ],
        [
            1228.75390625,
            775.5111083984375
        ],
        [
            1531.4111328125,
            709.8067016601562
        ],
        [
            817.0245361328125,
            984.43359375
        ],
        [
            1167.45947265625,
            741.8485107421875
        ],
        [
            1167.45947265625,
            741.8485107421875
        ],
        [
            583.4725952148438,
            395.0036926269531
        ],
        [
            1109.8599853515625,
            771.9816284179688
        ],
        [
            696.263671875,
            567.710205078125
        ],
        [
            1526.951171875,
            681.8814086914062
        ]
    ],
    "inliers": [
        false,
        false,
        false,
        false,
        false,
        false,
        false,
        false,
        false,
        true,
        false,
        true,
        true,
        false,
        true,
        false,
        false,
        false,
        false,
        false,
        false,
        false,
        false,
        false,
        false,
        false,
        false,
        false,
        true,
        true,
        true,
        false,
        false,
        false,
        false,
        false,
        false,
        true,
        false,
        false,
        false,
        false,
        false,
        false,
        false,
        false,
        false,
        false,
        false,
        false,
        false,
        false,
        false,
        false,
        false,
        false,
        false,
        false,
        false,
        false,
        false,
        false,
        false,
        true,
        false,
        false,
        false,
        false,
        false,
        false,
        false,
        false,
        false,
        false,
        false,
        false,
        true,
        false,
        false,
        false,
        false,
        false,
        false,
        false,
        false,
        false,
        false,
        false,
        false,
        false,
        false,
        false,
        false,
        false,
        false,
        false,
        false,
        false,
        false,
        true,
        false,
        false,
        false,
        false,
        false,
        false,
        false,
        false,
        false
    ]
}