{
    "points1": [
        [
            743.0933837890625,
            598.507568359375
        ],
        [
            766.3912353515625,
            787.2918090820312
        ],
        [
            766.3912353515625,
            787.2918090820312
        ],
        [
            873.2562866210938,
            647.2225952148438
        ],
        [
            873.2562866210938,
            647.2225952148438
        ],
        [
            874.0714721679688,
            617.4183959960938
        ],
        [
            900.4732666015625,
            650.5647583007812
        ],
        [
            952.2291259765625,
            792.6358642578125
        ],
        [
            952.2291259765625,
            792.6358642578125
        ],
        [
            953.700439453125,
            759.2783813476562
        ],
        [
            953.700439453125,
            759.2783813476562
        ],
        [
            956.0216674804688,
            657.7286987304688
        ],
        [
            956.0216674804688,
            657.7286987304688
        ],
        [
            972.5498657226562,
            820.9785766601562
        ],
        [
            972.5498657226562,
            820.9785766601562
        ],
        [
            984.8323364257812,
            730.099853515625
        ]
    ],
    "points2": [
        [
            3887.803955078125,
            1385.18017578125
        ],
        [
            3701.921142578125,
            1408.2493896484375
        ],
        [
            3701.921142578125,
            1408.2493896484375
        ],
        [
            2978.383544921875,
            1588.4364013671875
        ],
        [
            2978.383544921875,
            1588.4364013671875
        ],
        [
            2974.506103515625,
            1419.62353515625
        ],
        [
            2813.3955078125,
            2310.407958984375
        ],
        [
            2438.92578125,
            1598.819091796875
        ],
        [
            2438.92578125,
            1598.819091796875
        ],
        [
            2441.002685546875,
            1779.7601318359375
        ],
        [
            2441.002685546875,
            1779.7601318359375
        ],
        [
            2438.92578125,
            1598.819091796875
        ],
        [
            2438.92578125,
            1598.819091796875
        ],
        [
            2297.77587890625,
            1465.78076171875
        ],
        [
            2297.77587890625,
            1465.78076171875
        ],
        [
            2258.563232421875,
            1962.8046875
        ]
    ],
    "inliers": [
        false,
        false,
        false,
        true,
        false,
        false,
        false,
        true,
        true,
        false,
        false,
        false,
        false,
        false,
        false,
        false,
        false,
        false,
        false,
        false,
        false,
        false,
        false,
        false,
        false,
        false,
        false,
        true,
        true,
        true,
        true,
        false,
        false,
        false,
        false,
        false,
        true,
        true,
        true,
        true,
        false,
        false,
        false,
        false,
        true,
        true,
        false,
        false,
        true,
        true,
        false,
        false,
        true,
        false,
        false,
        false,
        false
    ]
}