{
    "calibration_date": "2025-11-17T14:17:38.803809",
    "camera1_intrinsic": [
        [
            3985.5906001534504,
            0.0,
            959.5
        ],
        [
            0.0,
            3975.605401208355,
            639.5
        ],
        [
            0.0,
            0.0,
            1.0
        ]
    ],
    "camera2_intrinsic": [
        [
            5326.97318784697,
            0.0,
            2999.5
        ],
        [
            0.0,
            5308.722484470339,
            1999.5
        ],
        [
            0.0,
            0.0,
            1.0
        ]
    ],
    "relative_pose": {
        "rotation": [
            [
                -0.9820929265207073,
                -0.09739512401052844,
                0.1612689477145755
            ],
            [
                0.00668327627452827,
                -0.873477187518838,
                -0.4868192033007933
            ],
            [
                0.18827856356003742,
                -0.4770238911240763,
                0.8584866858610065
            ]
        ],
        "translation": [
            0.014324311252351746,
            0.982114354700506,
            0.1877397358002679
        ]
    },
    "matching_quality": {
        "total_features1": 270,
        "total_features2": 283,
        "total_matches": 270,
        "good_matches": 57,
        "match_ratio": 0.20141342756183744,
        "avg_distance": 169.763955768786,
        "min_distance": 83.12039184570312,
        "max_distance": 384.87921142578125
    },
    "pose_estimation_quality": {
        "num_inliers": 16,
        "inlier_ratio": 0.2807017543859649,
        "num_outliers": 41,
        "ransac_threshold": 1.0,
        "confidence": 0.9999
    },
    "matching_parameters": {
        "detector_type": "SIFT",
        "ratio_thresh": 0.75,
        "cross_check": true,
        "ransac_threshold": 1.0,
        "ransac_confidence": 0.9999,
        "use_pnp": false,
        "undistort_images": false
    },
    "num_matches": 57,
    "num_3d_points": 16,
    "depth_range": [
        1.709654450416565,
        2.632880926132202
    ]
}