{
    "calibration_date": "2025-11-10T11:00:48.709157",
    "camera1_intrinsic": [
        [
            910.2868578425721,
            0.0,
            299.6628027393661
        ],
        [
            0.0,
            916.4636467475507,
            165.85466136211494
        ],
        [
            0.0,
            0.0,
            1.0
        ]
    ],
    "camera2_intrinsic": [
        [
            910.8928099290582,
            0.0,
            271.66651823653365
        ],
        [
            0.0,
            917.3667203300844,
            316.68151411339636
        ],
        [
            0.0,
            0.0,
            1.0
        ]
    ],
    "relative_pose": {
        "rotation": [
            [
                0.03833913343858761,
                -0.599398374080655,
                0.799532175710675
            ],
            [
                0.9895641601001494,
                0.13399162779996,
                0.05300015778092565
            ],
            [
                -0.13889882610182203,
                0.78915640580875,
                0.5982802715103943
            ]
        ],
        "translation": [
            0.5266428132699078,
            0.5214255531156026,
            0.6713886652224959
        ]
    },
    "matching_quality": {
        "total_features1": 5237,
        "total_features2": 11727,
        "total_matches": 5237,
        "good_matches": 109,
        "match_ratio": 0.009294789801313208,
        "avg_distance": 150.36719127970005,
        "min_distance": 33.83784866333008,
        "max_distance": 265.9718017578125
    },
    "pose_estimation_quality": {
        "num_inliers": 11,
        "inlier_ratio": 0.10091743119266056,
        "num_outliers": 98,
        "ransac_threshold": 1.0,
        "confidence": 0.9999
    },
    "matching_parameters": {
        "detector_type": "SIFT",
        "ratio_thresh": 0.75,
        "cross_check": false,
        "ransac_threshold": 1.0,
        "ransac_confidence": 0.9999,
        "use_pnp": false,
        "undistort_images": false
    },
    "num_matches": 109,
    "num_3d_points": 3,
    "depth_range": [
        0.13700400292873383,
        0.1832980513572693
    ]
}