{
    "calibration_date": "2025-11-08T22:29:43.208536",
    "camera1_intrinsic": [
        [
            910.2868578425721,
            0.0,
            299.6628027393661
        ],
        [
            0.0,
            916.4636467475507,
            165.85466136211494
        ],
        [
            0.0,
            0.0,
            1.0
        ]
    ],
    "camera2_intrinsic": [
        [
            910.8928099290582,
            0.0,
            271.66651823653365
        ],
        [
            0.0,
            917.3667203300844,
            316.68151411339636
        ],
        [
            0.0,
            0.0,
            1.0
        ]
    ],
    "relative_pose": {
        "rotation": [
            [
                0.9987887146715865,
                -0.04905967296947925,
                -0.003775173215602945
            ],
            [
                0.04607377326300015,
                0.959409596518754,
                -0.27822730549863617
            ],
            [
                0.017271678030512327,
                0.2777163563707563,
                0.9605078419993046
            ]
        ],
        "translation": [
            0.21834184890202496,
            0.010127510802280505,
            0.9758197940926362
        ]
    },
    "num_matches": 64,
    "num_3d_points": 7,
    "depth_range": [
        0.33760836720466614,
        2.7739369869232178
    ]
}