{
    "calibration_date": "2025-11-08T23:22:49.465406",
    "camera1_intrinsic": [
        [
            910.2868578425721,
            0.0,
            299.6628027393661
        ],
        [
            0.0,
            916.4636467475507,
            165.85466136211494
        ],
        [
            0.0,
            0.0,
            1.0
        ]
    ],
    "camera2_intrinsic": [
        [
            910.8928099290582,
            0.0,
            271.66651823653365
        ],
        [
            0.0,
            917.3667203300844,
            316.68151411339636
        ],
        [
            0.0,
            0.0,
            1.0
        ]
    ],
    "relative_pose": {
        "rotation": [
            [
                -0.3830101786434071,
                -0.918873881089959,
                0.09473116544316876
            ],
            [
                0.629956291306917,
                -0.1848154395013651,
                0.7543197759337563
            ],
            [
                -0.6756169581193033,
                0.34858864578840343,
                0.6496365768097011
            ]
        ],
        "translation": [
            0.22177122921797465,
            -0.5371574892040554,
            -0.8138054765625158
        ]
    },
    "matching_quality": {
        "total_features1": 5237,
        "total_features2": 11727,
        "total_matches": 5237,
        "good_matches": 1665,
        "match_ratio": 0.1419800460475825,
        "avg_distance": 235.27018866782433,
        "min_distance": 33.13608169555664,
        "max_distance": 351.3943786621094
    },
    "pose_estimation_quality": {
        "num_inliers": 14,
        "inlier_ratio": 0.008408408408408409,
        "num_outliers": 1651,
        "ransac_threshold": 0.5,
        "confidence": 0.9999
    },
    "matching_parameters": {
        "detector_type": "SIFT",
        "ratio_thresh": 0.6,
        "cross_check": true,
        "ransac_threshold": 0.5,
        "ransac_confidence": 0.9999,
        "use_pnp": false
    },
    "num_matches": 1665,
    "num_3d_points": 14,
    "depth_range": [
        0.0013779924483969808,
        1.404007911682129
    ]
}