{
    "calibration_date": "2025-11-17T14:15:08.667467",
    "image_size": {
        "width": 1920,
        "height": 1280
    },
    "chessboard": {
        "size": [
            9,
            6
        ],
        "square_size_m": 0.025
    },
    "reprojection_error": {
        "rms": 0.8804878954507962,
        "mean": 0.8804877694216794
    },
    "camera_matrix": [
        [
            3985.5906001534504,
            0.0,
            959.5
        ],
        [
            0.0,
            3975.605401208355,
            639.5
        ],
        [
            0.0,
            0.0,
            1.0
        ]
    ],
    "distortion_coefficients": [
        23.17077078377979,
        45.578520780565896,
        0.002969173887067278,
        0.012282780919561677,
        -43.58128378631253,
        23.1864182937199,
        41.69569546337898,
        -43.58707535736584,
        -0.03965903263976195,
        -0.047860099701044066,
        -0.013129044524706687,
        -0.023417918499708326
    ],
    "used_images_count": 12,
    "used_images": [
        "226fbd5ee3335c6e27b142af12453bd3.jpg",
        "239c4d597ecc8d7fc89ee52a47192ef9.jpg",
        "2e0a2511d015ba02cdb7db02c59741c4.jpg",
        "82f4d229a06e38e2ae861a7014d35379.jpg",
        "83a9bd9c5f55c789677d7e2e2098d6d4.jpg",
        "8661e5f90ceea184e285f01e7121575e.jpg",
        "8ba6bbbe057d786f98ec79e6374c76ef.jpg",
        "9885f1e35d5e10952e0e0e9b8ebb5011.jpg",
        "a4d483d57a51d35b8d275e1c4b4b43ab.jpg",
        "b3264346d2ab539c4d6074a8b908b1c1.jpg",
        "c74b3970520d2b82d5733f3ca285b733.jpg",
        "d36b19267c73e13d22fdf42b207efeeb.jpg"
    ]
}