{
    "calibration_date": "2025-11-18T21:32:18.482942",
    "image_size": {
        "width": 1920,
        "height": 1280
    },
    "chessboard": {
        "size": [
            9,
            6
        ],
        "square_size_m": 0.025
    },
    "reprojection_error": {
        "rms": 0.9371856323780753,
        "mean": 0.9371855278984405
    },
    "camera_matrix": [
        [
            4002.116230203068,
            0.0,
            959.5
        ],
        [
            0.0,
            3987.7214134040396,
            639.5
        ],
        [
            0.0,
            0.0,
            1.0
        ]
    ],
    "distortion_coefficients": [
        32.37450343880327,
        30.07161240409353,
        0.004635776316669638,
        0.016149808743668666,
        -47.401173246272464,
        32.52679450022312,
        25.178894438766267,
        -45.677278396798286,
        -0.044086228039370776,
        -0.050371219774938754,
        -0.012198689423502392,
        -0.026095373425081128
    ],
    "used_images_count": 20,
    "used_images": [
        "226fbd5ee3335c6e27b142af12453bd3.jpg",
        "226fbd5ee3335c6e27b142af12453bd3.jpg",
        "239c4d597ecc8d7fc89ee52a47192ef9.jpg",
        "239c4d597ecc8d7fc89ee52a47192ef9.jpg",
        "2e0a2511d015ba02cdb7db02c59741c4.jpg",
        "2e0a2511d015ba02cdb7db02c59741c4.jpg",
        "83a9bd9c5f55c789677d7e2e2098d6d4.jpg",
        "83a9bd9c5f55c789677d7e2e2098d6d4.jpg",
        "8ba6bbbe057d786f98ec79e6374c76ef.jpg",
        "8ba6bbbe057d786f98ec79e6374c76ef.jpg",
        "9885f1e35d5e10952e0e0e9b8ebb5011.jpg",
        "9885f1e35d5e10952e0e0e9b8ebb5011.jpg",
        "a4d483d57a51d35b8d275e1c4b4b43ab.jpg",
        "a4d483d57a51d35b8d275e1c4b4b43ab.jpg",
        "b3264346d2ab539c4d6074a8b908b1c1.jpg",
        "b3264346d2ab539c4d6074a8b908b1c1.jpg",
        "c74b3970520d2b82d5733f3ca285b733.jpg",
        "c74b3970520d2b82d5733f3ca285b733.jpg",
        "d36b19267c73e13d22fdf42b207efeeb.jpg",
        "d36b19267c73e13d22fdf42b207efeeb.jpg"
    ]
}