{
    "calibration_date": "2025-11-03T21:04:20.289020",
    "image_size": {
        "width": 1280,
        "height": 720
    },
    "chessboard": {
        "size": [
            9,
            6
        ],
        "square_size_m": 0.025
    },
    "reprojection_error": {
        "rms": 4.977146100891116,
        "mean": 0.6147574893132989
    },
    "camera_matrix": [
        [
            1275.8530257502148,
            0.0,
            639.5
        ],
        [
            0.0,
            1275.0266375224828,
            359.5
        ],
        [
            0.0,
            0.0,
            1.0
        ]
    ],
    "distortion_coefficients": [
        -30.206157347645767,
        621.365875949747,
        -0.011602698897085926,
        0.002478566061016184,
        -2056.743335475454,
        -30.042151836036812,
        616.4704455951169,
        -2039.3237002268593,
        -0.03508004337048594,
        0.19864933502285428,
        0.06590775382184502,
        -0.23180150701410307
    ],
    "used_images_count": 19,
    "used_images": [
        "calib_20251103_210015_494265.jpg",
        "calib_20251103_210019_877654.jpg",
        "calib_20251103_210021_358859.jpg",
        "calib_20251103_210023_552876.jpg",
        "calib_20251103_210024_849059.jpg",
        "calib_20251103_210025_550505.jpg",
        "calib_20251103_210026_643153.jpg",
        "calib_20251103_210032_829898.jpg",
        "calib_20251103_210042_248122.jpg",
        "calib_20251103_210045_032224.jpg",
        "calib_20251103_210050_993399.jpg",
        "calib_20251103_210052_704716.jpg",
        "calib_20251103_210212_529430.jpg",
        "calib_20251103_210222_052397.jpg",
        "calib_20251103_210333_289432.jpg",
        "calib_20251103_210342_643412.jpg",
        "calib_20251103_210343_956510.jpg",
        "calib_20251103_210346_737531.jpg",
        "calib_20251103_210349_541315.jpg"
    ]
}