{
    "calibration_date": "2025-11-15T22:28:31.128223",
    "image_size": {
        "width": 6000,
        "height": 4000
    },
    "chessboard": {
        "size": [
            9,
            6
        ],
        "square_size_m": 0.025
    },
    "reprojection_error": {
        "rms": 0.9483419925559571,
        "mean": 0.948341280094889
    },
    "camera_matrix": [
        [
            5326.97318784697,
            0.0,
            2999.5
        ],
        [
            0.0,
            5308.722484470339,
            1999.5
        ],
        [
            0.0,
            0.0,
            1.0
        ]
    ],
    "distortion_coefficients": [
        6.356050959107807,
        -26.936314780810196,
        0.003101920045741053,
        -0.0035312316531380355,
        18.572282765717993,
        6.515211591589059,
        -26.58685502654882,
        15.778258225926129,
        0.005175344878046526,
        -0.00152461312472587,
        -0.003566532845875937,
        0.01063233393981883
    ],
    "used_images_count": 23,
    "used_images": [
        "IMG_6615.JPG",
        "IMG_6616.JPG",
        "IMG_6617.JPG",
        "IMG_6618.JPG",
        "IMG_6619.JPG",
        "IMG_6620.JPG",
        "IMG_6621.JPG",
        "IMG_6622.JPG",
        "IMG_6623.JPG",
        "IMG_6624.JPG",
        "IMG_6625.JPG",
        "IMG_6626.JPG",
        "IMG_6627.JPG",
        "IMG_6628.JPG",
        "IMG_6629.JPG",
        "IMG_6630.JPG",
        "IMG_6632.JPG",
        "IMG_6633.JPG",
        "IMG_6634.JPG",
        "IMG_6635.JPG",
        "IMG_6636.JPG",
        "IMG_6637.JPG",
        "IMG_6638.JPG"
    ]
}